{"type":"Topology","arcs":[[[5378,647],[-166,134],[-43,53],[-40,36],[-80,150],[-67,143],[-41,50],[-34,54],[-68,125],[-27,50],[-14,105],[11,23],[52,-1],[43,-27],[30,-7],[14,3],[7,20],[3,16],[-23,56],[-49,124],[-146,251],[-64,46],[-225,166],[-67,39],[-94,118],[-64,70],[-68,9],[-114,-25],[-164,-42],[-54,-4],[-65,2],[-29,45],[-5,45],[38,61],[52,39],[4,9],[-96,12],[-185,-59],[-90,-40],[-29,-4],[-33,6],[-114,72],[-78,72],[-174,228],[-37,79],[-36,2],[-13,11],[6,35],[19,24],[52,77],[22,30],[62,41],[11,23],[16,32],[27,23],[15,18],[39,49],[80,35],[67,39],[58,51],[18,23],[10,25],[2,19],[-9,36],[-33,15],[-57,5],[-59,0],[-68,-37],[-103,-65],[-50,1],[-205,78],[-116,53],[-172,109],[-148,124],[-102,165],[-55,140],[-116,81],[-30,39],[-22,69],[1,73],[-4,56],[-28,95],[-52,93],[-18,78],[-25,239],[0,62],[-26,138],[-59,208],[-6,83],[-65,153],[-106,60],[-111,51],[-91,51],[-23,31],[-34,32],[-54,22],[-62,-4],[-91,-39],[-53,-29],[-140,-89],[-27,-17],[-98,-28],[-72,-43],[-68,-26],[-59,-34],[-104,-69],[-55,-20],[-84,-22],[-87,-111],[-20,-37],[-49,-112],[-55,-66],[-237,-64],[-33,-135],[30,-105],[8,-84],[-3,-94],[41,-67],[3,-32],[-22,-39],[-16,-40],[-8,-62],[-5,-91],[27,-84],[26,-44],[14,-46],[-11,-52],[-6,-43],[9,-40],[10,-42],[39,-70],[56,-57],[9,-28],[0,-14],[-36,-79],[-6,-118],[-4,-60],[-24,-103],[-16,-80],[-15,-59],[-23,-91],[9,-110],[34,-96],[35,-143],[85,-177],[150,-228],[48,-65],[94,-107],[156,-166],[57,-64],[14,-16],[195,-156],[64,-63],[101,-98],[40,-16],[318,-84],[106,-18],[70,-18],[53,-27],[199,-123],[223,-147],[170,-117],[72,-50],[61,-39],[115,-136],[89,-81],[108,-107],[77,-85],[88,-123],[22,-59],[30,-50],[59,-63],[70,-48],[34,-18],[84,-50],[91,-38],[35,-13],[24,-21],[148,-102],[67,-33],[20,-20],[342,1],[0,22],[-10,30],[-44,74],[-7,16],[-5,23],[-8,15],[-37,22],[-18,0],[-35,41],[-5,19],[12,5],[11,-3],[26,-17],[20,-6],[54,2],[65,17],[27,22],[22,-4],[36,-32],[16,-8],[49,10],[38,0],[15,-9],[28,-4],[39,-12],[1,-22],[12,-23],[44,-8],[26,9],[25,-12],[11,16],[0,30],[8,5],[39,-2],[14,-20],[6,-26],[22,6],[20,-1],[33,-21],[21,2],[13,11],[8,13],[15,3],[14,-15],[26,-11],[24,-3],[16,-15],[20,-2],[10,5],[6,11],[33,-15],[-22,-16],[-11,-22],[-10,-26],[0,-11],[21,-5],[20,6],[18,9],[8,-2],[2,-13],[33,4],[14,7],[3,27],[12,7],[17,-7],[33,11],[8,13],[-8,11],[27,4],[21,6],[20,13],[103,99],[65,61],[51,27],[35,19],[94,52],[19,44],[14,30],[16,22],[26,43],[59,95]]],"transform":{"scale":[0.0012505406772586032,0.0009505262537354494],"translate":[66.78578456238614,42.666850339780524]},"objects":{"borderbasin":{"type":"GeometryCollection","geometries":[{"type":"LineString","arcs":[0],"properties":{"Label angl":0,"Project":"D:\\Petrel Projects\\??? ??\\28102020\\28102020.pet","ShapeName":"Copy of ???????_????????_polyline","Iiea1":"","Show polyg":"T","Comment":"","Hole class":"F","Type":"Lines/polygons","Droid":"://1d9a2dd1-dd1d-4676-a92e-6057e64d33c2/fe6bf224-1303-4a22-8da1-ea654de06c9e","Domain":"Unknown","Label X":-34028234664000000,"Label Y":-34028234664000000,"Label Z":-34028234664000000}}]}}}